{
    "questions": {
        "billionaires": [
            {
                "cta": {
                    "type": "url",
                    "url": "https://twitter.com/intent/tweet?text=In%20today%27s%20dire%20economy%2C%20the%20wealthy%20only%20account%20for%204%25%20of%20the%20tax%20revenue%20while%20individuals%20account%20for%20close%20to%2080%25%2C%20governments%20can%20rectify%20this%20inequality%20by%20%23TaxTheRich%20policies.",
                    "linktext": "Tweet #TaxTheRich"
                }
            },
            {
                "cta": {
                    "type": "url",
                    "url": "https://www-d8-dev.oxinfra.org/en/take-action/join-global-movement-change",
                    "linktext": "Join the Movement"
                }
            },
            {
                "cta": {
                    "type": "url",
                    "url": "https://www-d8-dev.oxinfra.org/en/donate/global-emergency-fund",
                    "linktext": "Donate"
                }
            },
            {
                "cta": {
                    "type": "url",
                    "url": "https://www-d8-dev.oxinfra.org/en/take-action/join-global-movement-change",
                    "linktext": "Join the Movement"
                }
            },
            {
                "cta": {
                    "type": "url",
                    "url": "https://www-d8-dev.oxinfra.org/en/donate/global-emergency-fund",
                    "linktext": "Donate"
                }
            }
        ],
        "food": [
            {
                "cta": {
                    "type": "url",
                    "url": "https://twitter.com/intent/tweet?text=In%20today%27s%20dire%20economy%2C%20the%20wealthy%20only%20account%20for%204%25%20of%20the%20tax%20revenue%20while%20individuals%20account%20for%20close%20to%2080%25%2C%20governments%20can%20rectify%20this%20inequality%20by%20%23TaxTheRich%20policies.",
                    "linktext": "Tweet #TaxTheRich"
                }
            }
        ],
        "energy": [
            {
                "cta": {
                    "type": "url",
                    "url": "https://www-d8-dev.oxinfra.org/en/take-action/join-global-movement-change",
                    "linktext": "Join the Movement"
                }
            }
        ],
        "qol": [
            {
                "cta": {
                    "type": "url",
                    "url": "https://www-d8-dev.oxinfra.org/en/donate/global-emergency-fund",
                    "linktext": "Donate"
                }
            }
        ],
        "wages": [
            {
                "cta": {
                    "type": "url",
                    "url": "https://www-d8-dev.oxinfra.org/en/donate/global-emergency-fund",
                    "linktext": "Donate"
                }
            }
        ],
        "tax": [
            {
                "cta": {
                    "type": "url",
                    "url": "https://www-d8-dev.oxinfra.org/en/donate/global-emergency-fund",
                    "linktext": "Donate"
                }
            }
        ]
    }
}
