{
    "questions": {
        "billionaires": [
            {
                "question": "I mean the truth is, I've never had it so good in terms of taxes. I am paying the lowest tax rate that I've ever paid in my life.",
                "type": "options",
                "response_post": "said this. In today’s dire economy, the wealthy only account for 4% of the tax revenue while individuals account for close to 80%, governments can rectify this inequality by #TaxTheRich policies.",
                "options": ["Elon Musk", "Warren Buffet", "Mark Zuckerberg", "James Cargill"],
                "answer": "Warren Buffet"
            },
            {
                "question": "Well, it's logical, isn't it? Whoever has more, pays more. I think you have to use logic in that sense.",
                "type": "options",
                "response_post": "said this. In today’s dire economy, the wealthy only account for 4% of the tax revenue while individuals account for close to 80%, governments can rectify this inequality by #TaxTheRich policies.",
                "options": ["Tom Cruise", "Penelope Cruz", "Rosalía", "Adam Sandler"],
                "answer": "Penelope Cruz"
            },
             {
                "question": "I mean the truth is, I've never had it so good in terms of taxes. I am paying the lowest tax rate that I've ever paid in my life.",
                "type": "options",
                "response_post": "said this. In today’s dire economy, the wealthy only account for 4% of the tax revenue while individuals account for close to 80%, governments can rectify this inequality by #TaxTheRich policies.",
                "options": ["Elon Musk", "Warren Buffet", "Mark Zuckerberg", "James Cargill"],
                "answer": "Warren Buffet"
            },
            {
                "question": "Well, it's logical, isn't it? Whoever has more, pays more. I think you have to use logic in that sense.",
                "type": "options",
                "response_post": "said this. In today’s dire economy, the wealthy only account for 4% of the tax revenue while individuals account for close to 80%, governments can rectify this inequality by #TaxTheRich policies.",
                "options": ["Tom Cruise", "Penelope Cruz", "Rosalía", "Adam Sandler"],
                "answer": "Penelope Cruz"
            }
        ],
        "food": [
            {
                "question": "Roughly speaking, how much more are you spending on food in recent months?",
                "type": "currency",
                "response": "The wealth of food billionaires increased by $x bn in the last year whilst the pandemic and runaway food prices have led to poverty and a cost-of-living crisis for the many, we must #TaxTheRich"
            }
        ],
        "energy": [
            {
                "question": "In recent months, how much more are you spending on energy*(electricity, heat, fuel)? ",
                "type": "currency",
                "response": "Oxfam’s report has found a growing body of evidence that points to corporate profits and margins as a significant driver of greed-inflation. The 200 largest global energy companies profits are X% higher and their margins are X% higher. #FightInequality"
            }
        ],
        "qol": [
            {
                "question": "Due to the rising cost of living, what have you had to sacrifice to survive?",
                "type": "multiplechoice",
                "options": ["A meal", "Care work", "Medical care", "Hot showers / Education", "Entertainment", "Other"],
                "response": "Billionaire have sacrificed nothing, their expenditure in luxury goods such as yachts, champagne & thoroughbreds continues unabated despite the 7% inflation in ultra-luxe goods #TaxTheRich"
            }
        ],
        "wages": [
            {
                "question": "Has your wage decreased since the pandemic began?",
                "type": "options",
                "options": ["Yes", "No"],
                "responses": {
                    "Yes": "Billionaires continue to profit.",
                    "No": "Well, with the reality of inflation, X% of workers have a real time pay cut because of inflation. "
                },
                "response": "Analysis by Oxfam of wages of xx countries finds that in 2022, one in three of the world's workers will see their wages outpaced by inflation ... (solution needed)*"
            }
        ],
        "tax": [
            {
                "question": "In your every day life, when do you pay taxes?",
                "type": "multiplechoice",
                "options": ["Salary", "Paying Rent", "Grocery shopping", "Healthcare", "Buying a car", "Utility Bill (Phone, Electricity, Water etc.)", "Getting Married/Getting Divorce", "Inheritance"],
                "response": "How Billionaires dodge a tax e.g earning 1 dollar as an employee and making a living from dividends as majority shareholders."
            }
        ]
    }
}
